run_id,participant_id,task_no,category,solved_at_s,time_left_s
P20260625-160056-run01,P20260625-160056,1,strom,30.2,29.8
P20260625-160056-run01,P20260625-160056,2,strom,42.2,17.8
P20260625-205402-run01,P20260625-205402,1,strom,10.1,49.9
P20260625-205402-run01,P20260625-205402,2,strom,41.7,18.3
P20260625-205402-run01,P20260625-205402,3,strom,51.0,9.0
P20260707-223256-run10,P20260707-223256,1,schild,22.4,277.6
P20260707-223256-run10,P20260707-223256,2,strom,28.0,272.0
P20260707-223256-run10,P20260707-223256,3,treibstoff,42.4,257.6
P20260707-225233-run01,P20260707-225233,1,navigation,5.8,14.2
P20260707-225233-run01,P20260707-225233,2,schild,18.7,1.3
